timestamp,symbol,curve,trade_pnl_pct,equity,drawdown_pct
2026-06-03T07:15:00+00:00,XRPUSDT,baseline,4.1215,104.1215,0.0
2026-06-11T19:15:00+00:00,XRPUSDT,baseline,-1.0471,103.0744,1.0471
2026-06-14T21:45:00+00:00,XRPUSDT,baseline,-1.5946,101.4798,2.6417
2026-06-14T22:30:00+00:00,XRPUSDT,baseline,-0.7333,100.7465,3.375
2026-06-14T23:30:00+00:00,XRPUSDT,baseline,-0.5951,100.1514,3.9701
2026-06-18T00:30:00+00:00,XRPUSDT,baseline,4.8629,105.0143,0.0
2026-06-19T01:45:00+00:00,XRPUSDT,baseline,1.5992,106.6135,0.0
2026-06-20T05:00:00+00:00,XRPUSDT,baseline,1.4234,108.0369,0.0
2026-06-20T15:15:00+00:00,XRPUSDT,baseline,1.0177,109.0546,0.0
2026-06-20T22:30:00+00:00,XRPUSDT,baseline,1.2312,110.2858,0.0
2026-06-21T04:30:00+00:00,XRPUSDT,baseline,0.9134,111.1992,0.0
2026-06-23T07:15:00+00:00,XRPUSDT,baseline,0.8876,112.0868,0.0
2026-06-23T23:45:00+00:00,XRPUSDT,baseline,1.2439,113.3307,0.0
2026-06-24T01:30:00+00:00,XRPUSDT,baseline,1.2172,114.5479,0.0
2026-06-25T17:15:00+00:00,XRPUSDT,baseline,3.0678,117.6157,0.0
2026-06-28T14:15:00+00:00,XRPUSDT,baseline,0.8353,118.451,0.0
2026-06-28T23:30:00+00:00,XRPUSDT,baseline,1.582,120.033,0.0
2026-07-07T15:45:00+00:00,XRPUSDT,baseline,1.8674,121.9004,0.0
2026-07-09T07:45:00+00:00,XRPUSDT,baseline,-0.8254,121.075,0.8254
2026-07-13T07:00:00+00:00,XRPUSDT,baseline,0.8069,121.8819,0.0185
2026-07-13T15:15:00+00:00,XRPUSDT,baseline,1.0116,122.8935,0.0
2026-07-14T13:15:00+00:00,XRPUSDT,baseline,-0.3771,122.5164,0.3771
2026-07-16T21:30:00+00:00,XRPUSDT,baseline,1.1027,123.6191,0.0
2026-07-17T17:00:00+00:00,XRPUSDT,baseline,-0.6454,122.9737,0.6454
2026-07-18T17:45:00+00:00,XRPUSDT,baseline,-0.4842,122.4895,1.1296
2026-06-03T07:15:00+00:00,XRPUSDT,e1r,4.1215,104.1215,0.0
2026-06-18T00:30:00+00:00,XRPUSDT,e1r,4.8629,108.9844,0.0
2026-06-19T01:45:00+00:00,XRPUSDT,e1r,1.5992,110.5836,0.0
2026-06-23T07:15:00+00:00,XRPUSDT,e1r,0.8876,111.4712,0.0
2026-06-23T23:45:00+00:00,XRPUSDT,e1r,1.2439,112.7151,0.0
2026-06-24T01:30:00+00:00,XRPUSDT,e1r,1.2172,113.9323,0.0
2026-06-25T17:15:00+00:00,XRPUSDT,e1r,3.0678,117.0001,0.0
2026-06-28T14:15:00+00:00,XRPUSDT,e1r,0.8353,117.8354,0.0
2026-06-28T23:30:00+00:00,XRPUSDT,e1r,1.582,119.4174,0.0
2026-07-07T15:45:00+00:00,XRPUSDT,e1r,1.8674,121.2848,0.0
2026-07-09T07:45:00+00:00,XRPUSDT,e1r,-0.8254,120.4594,0.8254
2026-07-13T07:00:00+00:00,XRPUSDT,e1r,0.8069,121.2663,0.0185
2026-07-13T15:15:00+00:00,XRPUSDT,e1r,1.0116,122.2779,0.0
2026-07-16T21:30:00+00:00,XRPUSDT,e1r,1.1027,123.3806,0.0
2026-07-17T17:00:00+00:00,XRPUSDT,e1r,-0.6454,122.7352,0.6454
2026-06-01T19:15:00+00:00,ADAUSDT,baseline,2.6373,102.6373,0.0
2026-06-08T11:15:00+00:00,ADAUSDT,baseline,-1.5792,101.0581,1.5792
2026-06-14T21:15:00+00:00,ADAUSDT,baseline,-0.5512,100.5069,2.1304
2026-06-14T21:30:00+00:00,ADAUSDT,baseline,-0.9495,99.5574,3.0799
2026-06-20T15:15:00+00:00,ADAUSDT,baseline,1.5366,101.094,1.5433
2026-06-24T01:30:00+00:00,ADAUSDT,baseline,2.0169,103.1109,0.0
2026-06-26T20:00:00+00:00,ADAUSDT,baseline,1.2154,104.3263,0.0
2026-06-28T09:00:00+00:00,ADAUSDT,baseline,1.5089,105.8352,0.0
2026-07-09T11:45:00+00:00,ADAUSDT,baseline,2.1239,107.9591,0.0
2026-07-10T10:15:00+00:00,ADAUSDT,baseline,2.3009,110.26,0.0
2026-07-12T21:00:00+00:00,ADAUSDT,baseline,1.339,111.599,0.0
2026-07-13T06:15:00+00:00,ADAUSDT,baseline,1.9363,113.5353,0.0
2026-07-13T07:30:00+00:00,ADAUSDT,baseline,2.0586,115.5939,0.0
2026-07-13T14:30:00+00:00,ADAUSDT,baseline,1.6907,117.2846,0.0
2026-07-14T05:00:00+00:00,ADAUSDT,baseline,-1.1459,116.1387,1.1459
2026-07-14T13:15:00+00:00,ADAUSDT,baseline,-0.7196,115.4191,1.8655
2026-07-14T15:15:00+00:00,ADAUSDT,baseline,-0.5312,114.8879,2.3967
2026-07-28T16:45:00+00:00,ADAUSDT,baseline,-0.9558,113.9321,3.3525
2026-06-01T19:15:00+00:00,ADAUSDT,e1r,2.6373,102.6373,0.0
2026-06-20T15:15:00+00:00,ADAUSDT,e1r,1.5366,104.1739,0.0
2026-06-24T01:30:00+00:00,ADAUSDT,e1r,2.0169,106.1908,0.0
2026-06-28T09:00:00+00:00,ADAUSDT,e1r,1.5089,107.6997,0.0
2026-07-09T11:45:00+00:00,ADAUSDT,e1r,2.1239,109.8236,0.0
2026-07-12T21:00:00+00:00,ADAUSDT,e1r,1.339,111.1626,0.0
2026-07-13T06:15:00+00:00,ADAUSDT,e1r,1.9363,113.0989,0.0
2026-07-13T07:30:00+00:00,ADAUSDT,e1r,2.0586,115.1575,0.0
2026-07-13T14:30:00+00:00,ADAUSDT,e1r,1.6907,116.8482,0.0
2026-07-14T05:00:00+00:00,ADAUSDT,e1r,-1.1459,115.7023,1.1459
2026-07-28T16:45:00+00:00,ADAUSDT,e1r,-0.9558,114.7465,2.1017
2026-06-03T11:00:00+00:00,DOGEUSDT,baseline,2.8814,102.8814,0.0
2026-06-03T21:45:00+00:00,DOGEUSDT,baseline,1.9266,104.808,0.0
2026-06-07T01:15:00+00:00,DOGEUSDT,baseline,-0.6916,104.1164,0.6916
2026-06-07T02:45:00+00:00,DOGEUSDT,baseline,-0.7046,103.4118,1.3962
2026-06-07T08:15:00+00:00,DOGEUSDT,baseline,-1.0807,102.3311,2.4769
2026-06-14T21:30:00+00:00,DOGEUSDT,baseline,-0.6809,101.6502,3.1578
2026-06-17T18:30:00+00:00,DOGEUSDT,baseline,2.3831,104.0333,0.7747
2026-06-18T08:30:00+00:00,DOGEUSDT,baseline,0.9048,104.9381,0.0
2026-06-18T13:15:00+00:00,DOGEUSDT,baseline,1.3807,106.3188,0.0
2026-06-22T11:30:00+00:00,DOGEUSDT,baseline,-0.9736,105.3452,0.9736
2026-06-27T21:00:00+00:00,DOGEUSDT,baseline,1.4291,106.7743,0.0
2026-06-30T03:00:00+00:00,DOGEUSDT,baseline,0.8534,107.6277,0.0
2026-07-07T16:15:00+00:00,DOGEUSDT,baseline,2.2025,109.8302,0.0
2026-07-09T01:00:00+00:00,DOGEUSDT,baseline,0.977,110.8072,0.0
2026-07-13T05:30:00+00:00,DOGEUSDT,baseline,1.0782,111.8854,0.0
2026-07-13T14:45:00+00:00,DOGEUSDT,baseline,1.3102,113.1956,0.0
2026-07-14T00:45:00+00:00,DOGEUSDT,baseline,-0.5811,112.6145,0.5811
2026-07-14T14:30:00+00:00,DOGEUSDT,baseline,-0.7278,111.8867,1.3089
2026-07-17T21:00:00+00:00,DOGEUSDT,baseline,0.0,111.8867,1.3089
2026-07-18T18:15:00+00:00,DOGEUSDT,baseline,-0.4768,111.4099,1.7857
2026-07-20T00:00:00+00:00,DOGEUSDT,baseline,1.3862,112.7961,0.3995
2026-07-27T17:00:00+00:00,DOGEUSDT,baseline,3.9507,116.7468,0.0
2026-07-29T00:00:00+00:00,DOGEUSDT,baseline,1.3253,118.0721,0.0
2026-07-29T09:30:00+00:00,DOGEUSDT,baseline,1.2278,119.2999,0.0
2026-07-29T18:00:00+00:00,DOGEUSDT,baseline,1.0742,120.3741,0.0
2026-07-30T19:15:00+00:00,DOGEUSDT,baseline,1.4525,121.8266,0.0
2026-07-31T01:00:00+00:00,DOGEUSDT,baseline,1.3552,123.1818,0.0
2026-07-31T05:00:00+00:00,DOGEUSDT,baseline,1.8408,125.0226,0.0
2026-06-03T11:00:00+00:00,DOGEUSDT,e1r,2.8814,102.8814,0.0
2026-06-03T21:45:00+00:00,DOGEUSDT,e1r,1.9266,104.808,0.0
2026-06-07T01:15:00+00:00,DOGEUSDT,e1r,-0.6916,104.1164,0.6916
2026-06-18T08:30:00+00:00,DOGEUSDT,e1r,0.9048,105.0212,0.0
2026-06-18T13:15:00+00:00,DOGEUSDT,e1r,1.3807,106.4019,0.0
2026-06-27T21:00:00+00:00,DOGEUSDT,e1r,1.4291,107.831,0.0
2026-06-30T03:00:00+00:00,DOGEUSDT,e1r,0.8534,108.6844,0.0
2026-07-07T16:15:00+00:00,DOGEUSDT,e1r,2.2025,110.8869,0.0
2026-07-09T01:00:00+00:00,DOGEUSDT,e1r,0.977,111.8639,0.0
2026-07-13T05:30:00+00:00,DOGEUSDT,e1r,1.0782,112.9421,0.0
2026-07-13T14:45:00+00:00,DOGEUSDT,e1r,1.3102,114.2523,0.0
2026-07-14T00:45:00+00:00,DOGEUSDT,e1r,-0.5811,113.6712,0.5811
2026-07-17T21:00:00+00:00,DOGEUSDT,e1r,0.0,113.6712,0.5811
2026-07-18T18:15:00+00:00,DOGEUSDT,e1r,-0.4768,113.1944,1.0579
2026-07-20T00:00:00+00:00,DOGEUSDT,e1r,1.3862,114.5806,0.0
2026-07-27T17:00:00+00:00,DOGEUSDT,e1r,3.9507,118.5313,0.0
2026-07-29T00:00:00+00:00,DOGEUSDT,e1r,1.3253,119.8566,0.0
2026-07-29T09:30:00+00:00,DOGEUSDT,e1r,1.2278,121.0844,0.0
2026-07-29T18:00:00+00:00,DOGEUSDT,e1r,1.0742,122.1586,0.0
2026-07-30T19:15:00+00:00,DOGEUSDT,e1r,1.4525,123.6111,0.0
2026-07-31T01:00:00+00:00,DOGEUSDT,e1r,1.3552,124.9663,0.0
2026-07-31T05:00:00+00:00,DOGEUSDT,e1r,1.8408,126.8071,0.0
2026-06-01T19:15:00+00:00,CROSS,baseline_cross,2.6373,102.6373,0.0
2026-06-03T07:15:00+00:00,CROSS,baseline_cross,4.1215,106.7588,0.0
2026-06-03T11:00:00+00:00,CROSS,baseline_cross,2.8814,109.6402,0.0
2026-06-03T21:45:00+00:00,CROSS,baseline_cross,1.9266,111.5668,0.0
2026-06-07T01:15:00+00:00,CROSS,baseline_cross,-0.6916,110.8752,0.6916
2026-06-07T02:45:00+00:00,CROSS,baseline_cross,-0.7046,110.1706,1.3962
2026-06-07T08:15:00+00:00,CROSS,baseline_cross,-1.0807,109.0899,2.4769
2026-06-08T11:15:00+00:00,CROSS,baseline_cross,-1.5792,107.5107,4.0561
2026-06-11T19:15:00+00:00,CROSS,baseline_cross,-1.0471,106.4636,5.1032
2026-06-14T21:15:00+00:00,CROSS,baseline_cross,-0.5512,105.9124,5.6544
2026-06-14T21:30:00+00:00,CROSS,baseline_cross,-0.9495,104.9629,6.6039
2026-06-14T21:30:00+00:00,CROSS,baseline_cross,-0.6809,104.282,7.2848
2026-06-14T21:45:00+00:00,CROSS,baseline_cross,-1.5946,102.6874,8.8794
2026-06-14T22:30:00+00:00,CROSS,baseline_cross,-0.7333,101.9541,9.6127
2026-06-14T23:30:00+00:00,CROSS,baseline_cross,-0.5951,101.359,10.2078
2026-06-17T18:30:00+00:00,CROSS,baseline_cross,2.3831,103.7421,7.8247
2026-06-18T00:30:00+00:00,CROSS,baseline_cross,4.8629,108.605,2.9618
2026-06-18T08:30:00+00:00,CROSS,baseline_cross,0.9048,109.5098,2.057
2026-06-18T13:15:00+00:00,CROSS,baseline_cross,1.3807,110.8905,0.6763
2026-06-19T01:45:00+00:00,CROSS,baseline_cross,1.5992,112.4897,0.0
2026-06-20T05:00:00+00:00,CROSS,baseline_cross,1.4234,113.9131,0.0
2026-06-20T15:15:00+00:00,CROSS,baseline_cross,1.0177,114.9308,0.0
2026-06-20T15:15:00+00:00,CROSS,baseline_cross,1.5366,116.4674,0.0
2026-06-20T22:30:00+00:00,CROSS,baseline_cross,1.2312,117.6986,0.0
2026-06-21T04:30:00+00:00,CROSS,baseline_cross,0.9134,118.612,0.0
2026-06-22T11:30:00+00:00,CROSS,baseline_cross,-0.9736,117.6384,0.9736
2026-06-23T07:15:00+00:00,CROSS,baseline_cross,0.8876,118.526,0.086
2026-06-23T23:45:00+00:00,CROSS,baseline_cross,1.2439,119.7699,0.0
2026-06-24T01:30:00+00:00,CROSS,baseline_cross,1.2172,120.9871,0.0
2026-06-24T01:30:00+00:00,CROSS,baseline_cross,2.0169,123.004,0.0
2026-06-25T17:15:00+00:00,CROSS,baseline_cross,3.0678,126.0718,0.0
2026-06-26T20:00:00+00:00,CROSS,baseline_cross,1.2154,127.2872,0.0
2026-06-27T21:00:00+00:00,CROSS,baseline_cross,1.4291,128.7163,0.0
2026-06-28T09:00:00+00:00,CROSS,baseline_cross,1.5089,130.2252,0.0
2026-06-28T14:15:00+00:00,CROSS,baseline_cross,0.8353,131.0605,0.0
2026-06-28T23:30:00+00:00,CROSS,baseline_cross,1.582,132.6425,0.0
2026-06-30T03:00:00+00:00,CROSS,baseline_cross,0.8534,133.4959,0.0
2026-07-07T15:45:00+00:00,CROSS,baseline_cross,1.8674,135.3633,0.0
2026-07-07T16:15:00+00:00,CROSS,baseline_cross,2.2025,137.5658,0.0
2026-07-09T01:00:00+00:00,CROSS,baseline_cross,0.977,138.5428,0.0
2026-07-09T07:45:00+00:00,CROSS,baseline_cross,-0.8254,137.7174,0.8254
2026-07-09T11:45:00+00:00,CROSS,baseline_cross,2.1239,139.8413,0.0
2026-07-10T10:15:00+00:00,CROSS,baseline_cross,2.3009,142.1422,0.0
2026-07-12T21:00:00+00:00,CROSS,baseline_cross,1.339,143.4812,0.0
2026-07-13T05:30:00+00:00,CROSS,baseline_cross,1.0782,144.5594,0.0
2026-07-13T06:15:00+00:00,CROSS,baseline_cross,1.9363,146.4957,0.0
2026-07-13T07:00:00+00:00,CROSS,baseline_cross,0.8069,147.3026,0.0
2026-07-13T07:30:00+00:00,CROSS,baseline_cross,2.0586,149.3612,0.0
2026-07-13T14:30:00+00:00,CROSS,baseline_cross,1.6907,151.0519,0.0
2026-07-13T14:45:00+00:00,CROSS,baseline_cross,1.3102,152.3621,0.0
2026-07-13T15:15:00+00:00,CROSS,baseline_cross,1.0116,153.3737,0.0
2026-07-14T00:45:00+00:00,CROSS,baseline_cross,-0.5811,152.7926,0.5811
2026-07-14T05:00:00+00:00,CROSS,baseline_cross,-1.1459,151.6467,1.727
2026-07-14T13:15:00+00:00,CROSS,baseline_cross,-0.3771,151.2696,2.1041
2026-07-14T13:15:00+00:00,CROSS,baseline_cross,-0.7196,150.55,2.8237
2026-07-14T14:30:00+00:00,CROSS,baseline_cross,-0.7278,149.8222,3.5515
2026-07-14T15:15:00+00:00,CROSS,baseline_cross,-0.5312,149.291,4.0827
2026-07-16T21:30:00+00:00,CROSS,baseline_cross,1.1027,150.3937,2.98
2026-07-17T17:00:00+00:00,CROSS,baseline_cross,-0.6454,149.7483,3.6254
2026-07-17T21:00:00+00:00,CROSS,baseline_cross,0.0,149.7483,3.6254
2026-07-18T17:45:00+00:00,CROSS,baseline_cross,-0.4842,149.2641,4.1096
2026-07-18T18:15:00+00:00,CROSS,baseline_cross,-0.4768,148.7873,4.5864
2026-07-20T00:00:00+00:00,CROSS,baseline_cross,1.3862,150.1735,3.2002
2026-07-27T17:00:00+00:00,CROSS,baseline_cross,3.9507,154.1242,0.0
2026-07-28T16:45:00+00:00,CROSS,baseline_cross,-0.9558,153.1684,0.9558
2026-07-29T00:00:00+00:00,CROSS,baseline_cross,1.3253,154.4937,0.0
2026-07-29T09:30:00+00:00,CROSS,baseline_cross,1.2278,155.7215,0.0
2026-07-29T18:00:00+00:00,CROSS,baseline_cross,1.0742,156.7957,0.0
2026-07-30T19:15:00+00:00,CROSS,baseline_cross,1.4525,158.2482,0.0
2026-07-31T01:00:00+00:00,CROSS,baseline_cross,1.3552,159.6034,0.0
2026-07-31T05:00:00+00:00,CROSS,baseline_cross,1.8408,161.4442,0.0
2026-06-01T19:15:00+00:00,CROSS,e1r_cross,2.6373,102.6373,0.0
2026-06-03T07:15:00+00:00,CROSS,e1r_cross,4.1215,106.7588,0.0
2026-06-03T11:00:00+00:00,CROSS,e1r_cross,2.8814,109.6402,0.0
2026-06-03T21:45:00+00:00,CROSS,e1r_cross,1.9266,111.5668,0.0
2026-06-07T01:15:00+00:00,CROSS,e1r_cross,-0.6916,110.8752,0.6916
2026-06-18T00:30:00+00:00,CROSS,e1r_cross,4.8629,115.7381,0.0
2026-06-18T08:30:00+00:00,CROSS,e1r_cross,0.9048,116.6429,0.0
2026-06-18T13:15:00+00:00,CROSS,e1r_cross,1.3807,118.0236,0.0
2026-06-19T01:45:00+00:00,CROSS,e1r_cross,1.5992,119.6228,0.0
2026-06-20T15:15:00+00:00,CROSS,e1r_cross,1.5366,121.1594,0.0
2026-06-23T07:15:00+00:00,CROSS,e1r_cross,0.8876,122.047,0.0
2026-06-23T23:45:00+00:00,CROSS,e1r_cross,1.2439,123.2909,0.0
2026-06-24T01:30:00+00:00,CROSS,e1r_cross,1.2172,124.5081,0.0
2026-06-24T01:30:00+00:00,CROSS,e1r_cross,2.0169,126.525,0.0
2026-06-25T17:15:00+00:00,CROSS,e1r_cross,3.0678,129.5928,0.0
2026-06-27T21:00:00+00:00,CROSS,e1r_cross,1.4291,131.0219,0.0
2026-06-28T09:00:00+00:00,CROSS,e1r_cross,1.5089,132.5308,0.0
2026-06-28T14:15:00+00:00,CROSS,e1r_cross,0.8353,133.3661,0.0
2026-06-28T23:30:00+00:00,CROSS,e1r_cross,1.582,134.9481,0.0
2026-06-30T03:00:00+00:00,CROSS,e1r_cross,0.8534,135.8015,0.0
2026-07-07T15:45:00+00:00,CROSS,e1r_cross,1.8674,137.6689,0.0
2026-07-07T16:15:00+00:00,CROSS,e1r_cross,2.2025,139.8714,0.0
2026-07-09T01:00:00+00:00,CROSS,e1r_cross,0.977,140.8484,0.0
2026-07-09T07:45:00+00:00,CROSS,e1r_cross,-0.8254,140.023,0.8254
2026-07-09T11:45:00+00:00,CROSS,e1r_cross,2.1239,142.1469,0.0
2026-07-12T21:00:00+00:00,CROSS,e1r_cross,1.339,143.4859,0.0
2026-07-13T05:30:00+00:00,CROSS,e1r_cross,1.0782,144.5641,0.0
2026-07-13T06:15:00+00:00,CROSS,e1r_cross,1.9363,146.5004,0.0
2026-07-13T07:00:00+00:00,CROSS,e1r_cross,0.8069,147.3073,0.0
2026-07-13T07:30:00+00:00,CROSS,e1r_cross,2.0586,149.3659,0.0
2026-07-13T14:30:00+00:00,CROSS,e1r_cross,1.6907,151.0566,0.0
2026-07-13T14:45:00+00:00,CROSS,e1r_cross,1.3102,152.3668,0.0
2026-07-13T15:15:00+00:00,CROSS,e1r_cross,1.0116,153.3784,0.0
2026-07-14T00:45:00+00:00,CROSS,e1r_cross,-0.5811,152.7973,0.5811
2026-07-14T05:00:00+00:00,CROSS,e1r_cross,-1.1459,151.6514,1.727
2026-07-16T21:30:00+00:00,CROSS,e1r_cross,1.1027,152.7541,0.6243
2026-07-17T17:00:00+00:00,CROSS,e1r_cross,-0.6454,152.1087,1.2697
2026-07-17T21:00:00+00:00,CROSS,e1r_cross,0.0,152.1087,1.2697
2026-07-18T18:15:00+00:00,CROSS,e1r_cross,-0.4768,151.6319,1.7465
2026-07-20T00:00:00+00:00,CROSS,e1r_cross,1.3862,153.0181,0.3603
2026-07-27T17:00:00+00:00,CROSS,e1r_cross,3.9507,156.9688,0.0
2026-07-28T16:45:00+00:00,CROSS,e1r_cross,-0.9558,156.013,0.9558
2026-07-29T00:00:00+00:00,CROSS,e1r_cross,1.3253,157.3383,0.0
2026-07-29T09:30:00+00:00,CROSS,e1r_cross,1.2278,158.5661,0.0
2026-07-29T18:00:00+00:00,CROSS,e1r_cross,1.0742,159.6403,0.0
2026-07-30T19:15:00+00:00,CROSS,e1r_cross,1.4525,161.0928,0.0
2026-07-31T01:00:00+00:00,CROSS,e1r_cross,1.3552,162.448,0.0
2026-07-31T05:00:00+00:00,CROSS,e1r_cross,1.8408,164.2888,0.0
