symbol,signal_time,decision_time,entry_open,entry_price,ignored_E1,ignored_E1R,E1_status,E1R_status,final_outcome,mae_pct,mfe_pct
XRPUSDT,2026-06-03T07:15:00+00:00,2026-06-03T07:30:00+00:00,2026-06-03T07:15:00+00:00,1.2447,False,False,INACTIVE_OR_NO_CONTINUATION,INACTIVE,TP_FIRST,0.1526,4.7803
XRPUSDT,2026-06-11T19:15:00+00:00,2026-06-11T19:30:00+00:00,2026-06-11T19:15:00+00:00,1.1414,True,True,ACTIVE,ACTIVE,MOVE_041_THEN_SL,1.3405,1.5069
XRPUSDT,2026-06-14T21:45:00+00:00,2026-06-14T22:00:00+00:00,2026-06-14T21:45:00+00:00,1.1675,True,True,ACTIVE,ACTIVE,MOVE_041_THEN_SL,1.6959,0.4454
XRPUSDT,2026-06-14T22:30:00+00:00,2026-06-14T22:45:00+00:00,2026-06-14T22:30:00+00:00,1.1744,True,True,ACTIVE,ACTIVE,MOVE_041_THEN_SL,1.0984,0.5535
XRPUSDT,2026-06-14T23:30:00+00:00,2026-06-14T23:45:00+00:00,2026-06-14T23:30:00+00:00,1.1793,True,True,ACTIVE,ACTIVE,SL_FIRST,0.6784,0.0254
XRPUSDT,2026-06-18T00:30:00+00:00,2026-06-18T00:45:00+00:00,2026-06-18T00:30:00+00:00,1.1886,False,False,INACTIVE_OR_NO_CONTINUATION,INACTIVE,TP_FIRST,0.2524,5.2162
XRPUSDT,2026-06-19T01:45:00+00:00,2026-06-19T02:00:00+00:00,2026-06-19T01:45:00+00:00,1.1506,False,False,INACTIVE_OR_NO_CONTINUATION,INACTIVE,TP_FIRST,0.1564,1.66
XRPUSDT,2026-06-20T05:00:00+00:00,2026-06-20T05:15:00+00:00,2026-06-20T05:00:00+00:00,1.1522,True,True,ACTIVE,ACTIVE,TP_FIRST,0.0434,1.6056
XRPUSDT,2026-06-20T15:15:00+00:00,2026-06-20T15:30:00+00:00,2026-06-20T15:15:00+00:00,1.1496,True,True,ACTIVE,ACTIVE,TP_FIRST,0.4697,1.2265
XRPUSDT,2026-06-20T22:30:00+00:00,2026-06-20T22:45:00+00:00,2026-06-20T22:30:00+00:00,1.1533,True,True,ACTIVE,ACTIVE,TP_FIRST,0.0173,1.2746
XRPUSDT,2026-06-21T04:30:00+00:00,2026-06-21T04:45:00+00:00,2026-06-21T04:30:00+00:00,1.1496,True,True,ACTIVE,ACTIVE,TP_FIRST,0.2871,0.9569
XRPUSDT,2026-06-23T07:15:00+00:00,2026-06-23T07:30:00+00:00,2026-06-23T07:15:00+00:00,1.1154,False,False,INACTIVE_OR_NO_CONTINUATION,INACTIVE,TP_FIRST,0.0269,1.9724
XRPUSDT,2026-06-23T23:45:00+00:00,2026-06-24T00:00:00+00:00,2026-06-23T23:45:00+00:00,1.1094,False,False,INACTIVE_OR_NO_CONTINUATION,INACTIVE,TP_FIRST,0.3335,1.4152
XRPUSDT,2026-06-24T01:30:00+00:00,2026-06-24T01:45:00+00:00,2026-06-24T01:30:00+00:00,1.1091,False,False,INACTIVE_OR_NO_CONTINUATION,INACTIVE,TP_FIRST,0.1082,1.3885
XRPUSDT,2026-06-25T17:15:00+00:00,2026-06-25T17:30:00+00:00,2026-06-25T17:15:00+00:00,1.0431,False,False,INACTIVE_OR_NO_CONTINUATION,INACTIVE,TP_FIRST,0.4602,3.0965
XRPUSDT,2026-06-28T14:15:00+00:00,2026-06-28T14:30:00+00:00,2026-06-28T14:15:00+00:00,1.0535,False,False,INACTIVE_OR_NO_CONTINUATION,INACTIVE,TP_FIRST,0.3417,0.9587
XRPUSDT,2026-06-28T23:30:00+00:00,2026-06-28T23:45:00+00:00,2026-06-28T23:30:00+00:00,1.0493,False,False,INACTIVE_OR_NO_CONTINUATION,INACTIVE,TP_FIRST,0.1811,1.744
XRPUSDT,2026-07-07T15:45:00+00:00,2026-07-07T16:00:00+00:00,2026-07-07T15:45:00+00:00,1.1299,False,False,INACTIVE_OR_NO_CONTINUATION,INACTIVE,TP_FIRST,0.4425,2.1949
XRPUSDT,2026-07-09T07:45:00+00:00,2026-07-09T08:00:00+00:00,2026-07-09T07:45:00+00:00,1.0975,False,False,INACTIVE_OR_NO_CONTINUATION,INACTIVE,MOVE_041_THEN_SL,0.9932,1.0569
XRPUSDT,2026-07-13T07:00:00+00:00,2026-07-13T07:15:00+00:00,2026-07-13T07:00:00+00:00,1.0782,False,False,INACTIVE_OR_NO_CONTINUATION,INACTIVE,TP_FIRST,0.3988,0.8069
XRPUSDT,2026-07-13T15:15:00+00:00,2026-07-13T15:30:00+00:00,2026-07-13T15:15:00+00:00,1.0775,False,False,INACTIVE_OR_NO_CONTINUATION,INACTIVE,TP_FIRST,0.0557,1.0766
XRPUSDT,2026-07-14T13:15:00+00:00,2026-07-14T13:30:00+00:00,2026-07-14T13:15:00+00:00,1.1034,True,True,ACTIVE,ACTIVE,MOVE_041_THEN_SL,0.6797,0.7885
XRPUSDT,2026-07-16T21:30:00+00:00,2026-07-16T21:45:00+00:00,2026-07-16T21:30:00+00:00,1.0973,False,False,INACTIVE_OR_NO_CONTINUATION,INACTIVE,TP_FIRST,0.0911,1.1665
XRPUSDT,2026-07-17T17:00:00+00:00,2026-07-17T17:15:00+00:00,2026-07-17T17:00:00+00:00,1.0912,False,False,INACTIVE_OR_NO_CONTINUATION,INACTIVE,MOVE_041_THEN_SL,0.724,0.7973
XRPUSDT,2026-07-18T17:45:00+00:00,2026-07-18T18:00:00+00:00,2026-07-18T17:45:00+00:00,1.0929,True,True,ACTIVE,ACTIVE,SL_FIRST,0.5673,0.3202
ADAUSDT,2026-06-01T19:15:00+00:00,2026-06-01T19:30:00+00:00,2026-06-01T19:15:00+00:00,0.2313,False,False,INACTIVE_OR_NO_CONTINUATION,INACTIVE,TP_FIRST,0.2594,3.0264
ADAUSDT,2026-06-08T11:15:00+00:00,2026-06-08T11:30:00+00:00,2026-06-08T11:15:00+00:00,0.1671,True,True,ACTIVE,ACTIVE,MOVE_041_THEN_SL,2.5733,1.3764
ADAUSDT,2026-06-14T21:15:00+00:00,2026-06-14T21:30:00+00:00,2026-06-14T21:15:00+00:00,0.1712,True,True,ACTIVE,ACTIVE,SL_FIRST,1.8692,0.3505
ADAUSDT,2026-06-14T21:30:00+00:00,2026-06-14T21:45:00+00:00,2026-06-14T21:30:00+00:00,0.1738,True,True,ACTIVE,ACTIVE,SL_FIRST,1.3234,0.0575
ADAUSDT,2026-06-20T15:15:00+00:00,2026-06-20T15:30:00+00:00,2026-06-20T15:15:00+00:00,0.1627,False,False,INACTIVE_OR_NO_CONTINUATION,INACTIVE,TP_FIRST,0.0615,1.598
ADAUSDT,2026-06-24T01:30:00+00:00,2026-06-24T01:45:00+00:00,2026-06-24T01:30:00+00:00,0.1537,False,False,INACTIVE_OR_NO_CONTINUATION,INACTIVE,TP_FIRST,0.1952,2.147
ADAUSDT,2026-06-26T20:00:00+00:00,2026-06-26T20:15:00+00:00,2026-06-26T20:00:00+00:00,0.1481,True,True,ACTIVE,ACTIVE,TP_FIRST,0.2701,1.2829
ADAUSDT,2026-06-28T09:00:00+00:00,2026-06-28T09:15:00+00:00,2026-06-28T09:00:00+00:00,0.1458,False,False,INACTIVE_OR_NO_CONTINUATION,INACTIVE,TP_FIRST,0.0686,1.7147
ADAUSDT,2026-07-09T11:45:00+00:00,2026-07-09T12:00:00+00:00,2026-07-09T11:45:00+00:00,0.1695,False,False,INACTIVE_OR_NO_CONTINUATION,INACTIVE,TP_FIRST,0.295,2.5959
ADAUSDT,2026-07-10T10:15:00+00:00,2026-07-10T10:30:00+00:00,2026-07-10T10:15:00+00:00,0.1695,True,True,ACTIVE,ACTIVE,TP_FIRST,0.0,2.5959
ADAUSDT,2026-07-12T21:00:00+00:00,2026-07-12T21:15:00+00:00,2026-07-12T21:00:00+00:00,0.1643,False,False,INACTIVE_OR_NO_CONTINUATION,INACTIVE,TP_FIRST,0.0609,1.8868
ADAUSDT,2026-07-13T06:15:00+00:00,2026-07-13T06:30:00+00:00,2026-07-13T06:15:00+00:00,0.1601,False,False,INACTIVE_OR_NO_CONTINUATION,INACTIVE,TP_FIRST,0.3123,2.2486
ADAUSDT,2026-07-13T07:30:00+00:00,2026-07-13T07:45:00+00:00,2026-07-13T07:30:00+00:00,0.1603,False,False,INACTIVE_OR_NO_CONTINUATION,INACTIVE,TP_FIRST,0.1871,2.3706
ADAUSDT,2026-07-13T14:30:00+00:00,2026-07-13T14:45:00+00:00,2026-07-13T14:30:00+00:00,0.1597,False,False,INACTIVE_OR_NO_CONTINUATION,INACTIVE,TP_FIRST,0.2505,2.0038
ADAUSDT,2026-07-14T05:00:00+00:00,2026-07-14T05:15:00+00:00,2026-07-14T05:00:00+00:00,0.1589,False,False,INACTIVE_OR_NO_CONTINUATION,INACTIVE,MOVE_041_THEN_SL,1.5733,0.5664
ADAUSDT,2026-07-14T13:15:00+00:00,2026-07-14T13:30:00+00:00,2026-07-14T13:15:00+00:00,0.1639,True,True,ACTIVE,ACTIVE,MOVE_041_THEN_SL,1.5863,0.8542
ADAUSDT,2026-07-14T15:15:00+00:00,2026-07-14T15:30:00+00:00,2026-07-14T15:15:00+00:00,0.1664,True,True,ACTIVE,ACTIVE,SL_FIRST,1.0817,0.1803
ADAUSDT,2026-07-28T16:45:00+00:00,2026-07-28T17:00:00+00:00,2026-07-28T16:45:00+00:00,0.1591,False,False,INACTIVE_OR_NO_CONTINUATION,INACTIVE,MOVE_041_THEN_SL,1.0057,0.6285
DOGEUSDT,2026-06-03T11:00:00+00:00,2026-06-03T11:15:00+00:00,2026-06-03T11:00:00+00:00,0.0944,False,False,INACTIVE_OR_NO_CONTINUATION,INACTIVE,TP_FIRST,0.053,3.0403
DOGEUSDT,2026-06-03T21:45:00+00:00,2026-06-03T22:00:00+00:00,2026-06-03T21:45:00+00:00,0.09291,False,False,INACTIVE_OR_NO_CONTINUATION,INACTIVE,TP_FIRST,0.3659,1.9804
DOGEUSDT,2026-06-07T01:15:00+00:00,2026-06-07T01:30:00+00:00,2026-06-07T01:15:00+00:00,0.08356,False,False,INACTIVE_OR_NO_CONTINUATION,INACTIVE,MOVE_041_THEN_SL,0.73,0.9215
DOGEUSDT,2026-06-07T02:45:00+00:00,2026-06-07T03:00:00+00:00,2026-06-07T02:45:00+00:00,0.0834,True,True,ACTIVE,ACTIVE,MOVE_041_THEN_SL,0.9233,0.5995
DOGEUSDT,2026-06-07T08:15:00+00:00,2026-06-07T08:30:00+00:00,2026-06-07T08:15:00+00:00,0.08476,True,True,ACTIVE,ACTIVE,SL_FIRST,1.168,0.1416
DOGEUSDT,2026-06-14T21:30:00+00:00,2026-06-14T21:45:00+00:00,2026-06-14T21:30:00+00:00,0.08855,True,True,ACTIVE,ACTIVE,MOVE_041_THEN_SL,0.7002,0.6889
DOGEUSDT,2026-06-17T18:30:00+00:00,2026-06-17T18:45:00+00:00,2026-06-17T18:30:00+00:00,0.0877,True,True,ACTIVE,ACTIVE,TP_FIRST,0.0114,2.7024
DOGEUSDT,2026-06-18T08:30:00+00:00,2026-06-18T08:45:00+00:00,2026-06-18T08:30:00+00:00,0.0851,False,False,INACTIVE_OR_NO_CONTINUATION,INACTIVE,TP_FIRST,0.094,0.9871
DOGEUSDT,2026-06-18T13:15:00+00:00,2026-06-18T13:30:00+00:00,2026-06-18T13:15:00+00:00,0.08474,False,False,INACTIVE_OR_NO_CONTINUATION,INACTIVE,TP_FIRST,0.0,1.4515
DOGEUSDT,2026-06-22T11:30:00+00:00,2026-06-22T11:45:00+00:00,2026-06-22T11:30:00+00:00,0.08419,True,True,ACTIVE,ACTIVE,SL_FIRST,1.0334,0.0713
DOGEUSDT,2026-06-27T21:00:00+00:00,2026-06-27T21:15:00+00:00,2026-06-27T21:00:00+00:00,0.07487,False,False,INACTIVE_OR_NO_CONTINUATION,INACTIVE,TP_FIRST,0.0801,1.5494
DOGEUSDT,2026-06-30T03:00:00+00:00,2026-06-30T03:15:00+00:00,2026-06-30T03:00:00+00:00,0.07265,False,False,INACTIVE_OR_NO_CONTINUATION,INACTIVE,TP_FIRST,0.1652,0.8534
DOGEUSDT,2026-07-07T16:15:00+00:00,2026-07-07T16:30:00+00:00,2026-07-07T16:15:00+00:00,0.07537,False,False,INACTIVE_OR_NO_CONTINUATION,INACTIVE,TP_FIRST,0.4246,2.4413
DOGEUSDT,2026-07-09T01:00:00+00:00,2026-07-09T01:15:00+00:00,2026-07-09T01:00:00+00:00,0.07267,False,False,INACTIVE_OR_NO_CONTINUATION,INACTIVE,TP_FIRST,0.2202,1.0183
DOGEUSDT,2026-07-13T05:30:00+00:00,2026-07-13T05:45:00+00:00,2026-07-13T05:30:00+00:00,0.07234,False,False,INACTIVE_OR_NO_CONTINUATION,INACTIVE,TP_FIRST,0.4424,1.2027
DOGEUSDT,2026-07-13T14:45:00+00:00,2026-07-13T15:00:00+00:00,2026-07-13T14:45:00+00:00,0.07251,False,False,INACTIVE_OR_NO_CONTINUATION,INACTIVE,TP_FIRST,0.069,1.4343
DOGEUSDT,2026-07-14T00:45:00+00:00,2026-07-14T01:00:00+00:00,2026-07-14T00:45:00+00:00,0.07231,False,False,INACTIVE_OR_NO_CONTINUATION,INACTIVE,MOVE_041_THEN_SL,1.1063,1.2861
DOGEUSDT,2026-07-14T14:30:00+00:00,2026-07-14T14:45:00+00:00,2026-07-14T14:30:00+00:00,0.07404,True,True,ACTIVE,ACTIVE,SL_FIRST,0.8779,0.081
DOGEUSDT,2026-07-17T21:00:00+00:00,2026-07-17T21:15:00+00:00,2026-07-17T21:00:00+00:00,0.07276,False,False,INACTIVE_OR_NO_CONTINUATION,INACTIVE,OTHER,0.11,1.5668
DOGEUSDT,2026-07-18T18:15:00+00:00,2026-07-18T18:30:00+00:00,2026-07-18T18:15:00+00:00,0.07241,False,False,INACTIVE_OR_NO_CONTINUATION,INACTIVE,SL_FIRST,0.5248,0.2486
DOGEUSDT,2026-07-20T00:00:00+00:00,2026-07-20T00:15:00+00:00,2026-07-20T00:00:00+00:00,0.07286,False,False,INACTIVE_OR_NO_CONTINUATION,INACTIVE,TP_FIRST,0.3843,2.0999
DOGEUSDT,2026-07-27T17:00:00+00:00,2026-07-27T17:15:00+00:00,2026-07-27T17:00:00+00:00,0.07214,False,False,INACTIVE_OR_NO_CONTINUATION,INACTIVE,TP_FIRST,0.2079,3.9784
DOGEUSDT,2026-07-29T00:00:00+00:00,2026-07-29T00:15:00+00:00,2026-07-29T00:00:00+00:00,0.07093,False,False,INACTIVE_OR_NO_CONTINUATION,INACTIVE,TP_FIRST,0.2538,1.4662
DOGEUSDT,2026-07-29T09:30:00+00:00,2026-07-29T09:45:00+00:00,2026-07-29T09:30:00+00:00,0.07086,False,False,INACTIVE_OR_NO_CONTINUATION,INACTIVE,TP_FIRST,0.0847,1.2701
DOGEUSDT,2026-07-29T18:00:00+00:00,2026-07-29T18:15:00+00:00,2026-07-29T18:00:00+00:00,0.07075,False,False,INACTIVE_OR_NO_CONTINUATION,INACTIVE,TP_FIRST,0.3534,1.0742
DOGEUSDT,2026-07-30T19:15:00+00:00,2026-07-30T19:30:00+00:00,2026-07-30T19:15:00+00:00,0.07091,False,False,INACTIVE_OR_NO_CONTINUATION,INACTIVE,TP_FIRST,0.0987,1.509
DOGEUSDT,2026-07-31T01:00:00+00:00,2026-07-31T01:15:00+00:00,2026-07-31T01:00:00+00:00,0.07084,False,False,INACTIVE_OR_NO_CONTINUATION,INACTIVE,TP_FIRST,0.0141,1.4116
DOGEUSDT,2026-07-31T05:00:00+00:00,2026-07-31T05:15:00+00:00,2026-07-31T05:00:00+00:00,0.07008,False,False,INACTIVE_OR_NO_CONTINUATION,INACTIVE,TP_FIRST,0.2711,2.3545
