symbol,signal_time,entry_time,entry_price,exit_time,exit_price,exit_reason,direction,mae_pct,mfe_pct,pnl_pct,pnl_R,pnl_usdt,fees,funding,net_pnl_pct,final_outcome,variant,executed,E1R_blocked,baseline_outcome,baseline_pnl_pct,E1R_status,block_reason
ADAUSDT,2026-06-01T19:15:00+00:00,2026-06-01T19:15:00+00:00,0.2313,2026-06-02T02:15:00+00:00,0.2252,TP,short,0.2594,3.0264,2.6373,5.4763,NOT_AVAILABLE,NOT_AVAILABLE,NOT_AVAILABLE,2.6373,TP_FIRST,E1R,True,False,TP_FIRST,2.6373,INACTIVE,
XRPUSDT,2026-06-03T07:15:00+00:00,2026-06-03T07:15:00+00:00,1.2447,2026-06-03T21:00:00+00:00,1.1934,TP,short,0.1526,4.7803,4.1215,6.7952,NOT_AVAILABLE,NOT_AVAILABLE,NOT_AVAILABLE,4.1215,TP_FIRST,E1R,True,False,TP_FIRST,4.1215,INACTIVE,
DOGEUSDT,2026-06-03T11:00:00+00:00,2026-06-03T11:00:00+00:00,0.0944,2026-06-03T16:30:00+00:00,0.09168,TP,short,0.053,3.0403,2.8814,7.4694,NOT_AVAILABLE,NOT_AVAILABLE,NOT_AVAILABLE,2.8814,TP_FIRST,E1R,True,False,TP_FIRST,2.8814,INACTIVE,
DOGEUSDT,2026-06-03T21:45:00+00:00,2026-06-03T21:45:00+00:00,0.09291,2026-06-03T23:30:00+00:00,0.09112,TP,short,0.3659,1.9804,1.9266,2.6448,NOT_AVAILABLE,NOT_AVAILABLE,NOT_AVAILABLE,1.9266,TP_FIRST,E1R,True,False,TP_FIRST,1.9266,INACTIVE,
DOGEUSDT,2026-06-07T01:15:00+00:00,2026-06-07T01:15:00+00:00,0.08356,2026-06-07T05:15:00+00:00,0.08413794,SL,short,0.73,0.9215,-0.6916,-1.0,NOT_AVAILABLE,NOT_AVAILABLE,NOT_AVAILABLE,-0.6916,MOVE_041_THEN_SL,E1R,True,False,MOVE_041_THEN_SL,-0.6916,INACTIVE,
DOGEUSDT,2026-06-07T02:45:00+00:00,2026-06-07T02:45:00+00:00,0.0834,2026-06-07T05:15:00+00:00,0.08398764,SL,short,0.9233,0.5995,-0.7046,-1.0,NOT_AVAILABLE,NOT_AVAILABLE,NOT_AVAILABLE,-0.7046,MOVE_041_THEN_SL,baseline_blocked,False,True,MOVE_041_THEN_SL,-0.7046,ACTIVE,E1R_active_ignore
DOGEUSDT,2026-06-07T08:15:00+00:00,2026-06-07T08:15:00+00:00,0.08476,2026-06-07T09:15:00+00:00,0.08567601,SL,short,1.168,0.1416,-1.0807,-1.0,NOT_AVAILABLE,NOT_AVAILABLE,NOT_AVAILABLE,-1.0807,SL_FIRST,baseline_blocked,False,True,SL_FIRST,-1.0807,ACTIVE,E1R_active_ignore
ADAUSDT,2026-06-08T11:15:00+00:00,2026-06-08T11:15:00+00:00,0.1671,2026-06-08T15:15:00+00:00,0.1697388,SL,short,2.5733,1.3764,-1.5792,-1.0,NOT_AVAILABLE,NOT_AVAILABLE,NOT_AVAILABLE,-1.5792,MOVE_041_THEN_SL,baseline_blocked,False,True,MOVE_041_THEN_SL,-1.5792,ACTIVE,E1R_active_ignore
XRPUSDT,2026-06-11T19:15:00+00:00,2026-06-11T19:15:00+00:00,1.1414,2026-06-12T15:15:00+00:00,1.1533521,SL,short,1.3405,1.5069,-1.0471,-1.0,NOT_AVAILABLE,NOT_AVAILABLE,NOT_AVAILABLE,-1.0471,MOVE_041_THEN_SL,baseline_blocked,False,True,MOVE_041_THEN_SL,-1.0471,ACTIVE,E1R_active_ignore
ADAUSDT,2026-06-14T21:15:00+00:00,2026-06-14T21:15:00+00:00,0.1712,2026-06-14T21:45:00+00:00,0.1721436,SL,short,1.8692,0.3505,-0.5512,-1.0,NOT_AVAILABLE,NOT_AVAILABLE,NOT_AVAILABLE,-0.5512,SL_FIRST,baseline_blocked,False,True,SL_FIRST,-0.5512,ACTIVE,E1R_active_ignore
ADAUSDT,2026-06-14T21:30:00+00:00,2026-06-14T21:30:00+00:00,0.1738,2026-06-14T22:00:00+00:00,0.1754502,SL,short,1.3234,0.0575,-0.9495,-1.0,NOT_AVAILABLE,NOT_AVAILABLE,NOT_AVAILABLE,-0.9495,SL_FIRST,baseline_blocked,False,True,SL_FIRST,-0.9495,ACTIVE,E1R_active_ignore
DOGEUSDT,2026-06-14T21:30:00+00:00,2026-06-14T21:30:00+00:00,0.08855,2026-06-15T02:30:00+00:00,0.08915295,SL,short,0.7002,0.6889,-0.6809,-1.0,NOT_AVAILABLE,NOT_AVAILABLE,NOT_AVAILABLE,-0.6809,MOVE_041_THEN_SL,baseline_blocked,False,True,MOVE_041_THEN_SL,-0.6809,ACTIVE,E1R_active_ignore
XRPUSDT,2026-06-14T21:45:00+00:00,2026-06-14T21:45:00+00:00,1.1675,2026-06-15T00:00:00+00:00,1.1861175,SL,short,1.6959,0.4454,-1.5946,-1.0,NOT_AVAILABLE,NOT_AVAILABLE,NOT_AVAILABLE,-1.5946,MOVE_041_THEN_SL,baseline_blocked,False,True,MOVE_041_THEN_SL,-1.5946,ACTIVE,E1R_active_ignore
XRPUSDT,2026-06-14T22:30:00+00:00,2026-06-14T22:30:00+00:00,1.1744,2026-06-15T00:00:00+00:00,1.1830113,SL,short,1.0984,0.5535,-0.7333,-1.0,NOT_AVAILABLE,NOT_AVAILABLE,NOT_AVAILABLE,-0.7333,MOVE_041_THEN_SL,baseline_blocked,False,True,MOVE_041_THEN_SL,-0.7333,ACTIVE,E1R_active_ignore
XRPUSDT,2026-06-14T23:30:00+00:00,2026-06-14T23:30:00+00:00,1.1793,2026-06-15T00:00:00+00:00,1.1863179,SL,short,0.6784,0.0254,-0.5951,-1.0,NOT_AVAILABLE,NOT_AVAILABLE,NOT_AVAILABLE,-0.5951,SL_FIRST,baseline_blocked,False,True,SL_FIRST,-0.5951,ACTIVE,E1R_active_ignore
DOGEUSDT,2026-06-17T18:30:00+00:00,2026-06-17T18:30:00+00:00,0.0877,2026-06-17T19:30:00+00:00,0.08561,TP,short,0.0114,2.7024,2.3831,3.7579,NOT_AVAILABLE,NOT_AVAILABLE,NOT_AVAILABLE,2.3831,TP_FIRST,baseline_blocked,False,True,TP_FIRST,2.3831,ACTIVE,E1R_active_ignore
XRPUSDT,2026-06-18T00:30:00+00:00,2026-06-18T00:30:00+00:00,1.1886,2026-06-19T04:45:00+00:00,1.1308,TP,short,0.2524,5.2162,4.8629,6.8489,NOT_AVAILABLE,NOT_AVAILABLE,NOT_AVAILABLE,4.8629,TP_FIRST,E1R,True,False,TP_FIRST,4.8629,INACTIVE,
DOGEUSDT,2026-06-18T08:30:00+00:00,2026-06-18T08:30:00+00:00,0.0851,2026-06-18T11:45:00+00:00,0.08433,TP,short,0.094,0.9871,0.9048,1.8303,NOT_AVAILABLE,NOT_AVAILABLE,NOT_AVAILABLE,0.9048,TP_FIRST,E1R,True,False,TP_FIRST,0.9048,INACTIVE,
DOGEUSDT,2026-06-18T13:15:00+00:00,2026-06-18T13:15:00+00:00,0.08474,2026-06-18T14:00:00+00:00,0.08357,TP,short,0.0,1.4515,1.3807,2.9626,NOT_AVAILABLE,NOT_AVAILABLE,NOT_AVAILABLE,1.3807,TP_FIRST,E1R,True,False,TP_FIRST,1.3807,INACTIVE,
XRPUSDT,2026-06-19T01:45:00+00:00,2026-06-19T01:45:00+00:00,1.1506,2026-06-19T04:30:00+00:00,1.1322,TP,short,0.1564,1.66,1.5992,3.1955,NOT_AVAILABLE,NOT_AVAILABLE,NOT_AVAILABLE,1.5992,TP_FIRST,E1R,True,False,TP_FIRST,1.5992,INACTIVE,
XRPUSDT,2026-06-20T05:00:00+00:00,2026-06-20T05:00:00+00:00,1.1522,2026-06-20T14:15:00+00:00,1.1358,TP,short,0.0434,1.6056,1.4234,3.8972,NOT_AVAILABLE,NOT_AVAILABLE,NOT_AVAILABLE,1.4234,TP_FIRST,baseline_blocked,False,True,TP_FIRST,1.4234,ACTIVE,E1R_active_ignore
XRPUSDT,2026-06-20T15:15:00+00:00,2026-06-20T15:15:00+00:00,1.1496,2026-06-21T21:00:00+00:00,1.1379,TP,short,0.4697,1.2265,1.0177,1.062,NOT_AVAILABLE,NOT_AVAILABLE,NOT_AVAILABLE,1.0177,TP_FIRST,baseline_blocked,False,True,TP_FIRST,1.0177,ACTIVE,E1R_active_ignore
ADAUSDT,2026-06-20T15:15:00+00:00,2026-06-20T15:15:00+00:00,0.1627,2026-06-20T17:45:00+00:00,0.1602,TP,short,0.0615,1.598,1.5366,1.2963,NOT_AVAILABLE,NOT_AVAILABLE,NOT_AVAILABLE,1.5366,TP_FIRST,E1R,True,False,TP_FIRST,1.5366,INACTIVE,
XRPUSDT,2026-06-20T22:30:00+00:00,2026-06-20T22:30:00+00:00,1.1533,2026-06-21T12:30:00+00:00,1.1391,TP,short,0.0173,1.2746,1.2312,1.5831,NOT_AVAILABLE,NOT_AVAILABLE,NOT_AVAILABLE,1.2312,TP_FIRST,baseline_blocked,False,True,TP_FIRST,1.2312,ACTIVE,E1R_active_ignore
XRPUSDT,2026-06-21T04:30:00+00:00,2026-06-21T04:30:00+00:00,1.1496,2026-06-21T12:30:00+00:00,1.1391,TP,short,0.2871,0.9569,0.9134,1.7628,NOT_AVAILABLE,NOT_AVAILABLE,NOT_AVAILABLE,0.9134,TP_FIRST,baseline_blocked,False,True,TP_FIRST,0.9134,ACTIVE,E1R_active_ignore
DOGEUSDT,2026-06-22T11:30:00+00:00,2026-06-22T11:30:00+00:00,0.08419,2026-06-22T14:15:00+00:00,0.08500968,SL,short,1.0334,0.0713,-0.9736,-1.0,NOT_AVAILABLE,NOT_AVAILABLE,NOT_AVAILABLE,-0.9736,SL_FIRST,baseline_blocked,False,True,SL_FIRST,-0.9736,ACTIVE,E1R_active_ignore
XRPUSDT,2026-06-23T07:15:00+00:00,2026-06-23T07:15:00+00:00,1.1154,2026-06-23T08:30:00+00:00,1.1055,TP,short,0.0269,1.9724,0.8876,2.2837,NOT_AVAILABLE,NOT_AVAILABLE,NOT_AVAILABLE,0.8876,TP_FIRST,E1R,True,False,TP_FIRST,0.8876,INACTIVE,
XRPUSDT,2026-06-23T23:45:00+00:00,2026-06-23T23:45:00+00:00,1.1094,2026-06-24T04:30:00+00:00,1.0956,TP,short,0.3335,1.4152,1.2439,2.6929,NOT_AVAILABLE,NOT_AVAILABLE,NOT_AVAILABLE,1.2439,TP_FIRST,E1R,True,False,TP_FIRST,1.2439,INACTIVE,
XRPUSDT,2026-06-24T01:30:00+00:00,2026-06-24T01:30:00+00:00,1.1091,2026-06-24T04:30:00+00:00,1.0956,TP,short,0.1082,1.3885,1.2172,1.4947,NOT_AVAILABLE,NOT_AVAILABLE,NOT_AVAILABLE,1.2172,TP_FIRST,E1R,True,False,TP_FIRST,1.2172,INACTIVE,
ADAUSDT,2026-06-24T01:30:00+00:00,2026-06-24T01:30:00+00:00,0.1537,2026-06-24T04:30:00+00:00,0.1506,TP,short,0.1952,2.147,2.0169,3.2335,NOT_AVAILABLE,NOT_AVAILABLE,NOT_AVAILABLE,2.0169,TP_FIRST,E1R,True,False,TP_FIRST,2.0169,INACTIVE,
XRPUSDT,2026-06-25T17:15:00+00:00,2026-06-25T17:15:00+00:00,1.0431,2026-06-26T02:30:00+00:00,1.0111,TP,short,0.4602,3.0965,3.0678,3.8329,NOT_AVAILABLE,NOT_AVAILABLE,NOT_AVAILABLE,3.0678,TP_FIRST,E1R,True,False,TP_FIRST,3.0678,INACTIVE,
ADAUSDT,2026-06-26T20:00:00+00:00,2026-06-26T20:00:00+00:00,0.1481,2026-06-26T22:15:00+00:00,0.1463,TP,short,0.2701,1.2829,1.2154,0.6313,NOT_AVAILABLE,NOT_AVAILABLE,NOT_AVAILABLE,1.2154,TP_FIRST,baseline_blocked,False,True,TP_FIRST,1.2154,ACTIVE,E1R_active_ignore
DOGEUSDT,2026-06-27T21:00:00+00:00,2026-06-27T21:00:00+00:00,0.07487,2026-06-28T05:15:00+00:00,0.0738,TP,short,0.0801,1.5494,1.4291,4.5549,NOT_AVAILABLE,NOT_AVAILABLE,NOT_AVAILABLE,1.4291,TP_FIRST,E1R,True,False,TP_FIRST,1.4291,INACTIVE,
ADAUSDT,2026-06-28T09:00:00+00:00,2026-06-28T09:00:00+00:00,0.1458,2026-06-28T16:30:00+00:00,0.1436,TP,short,0.0686,1.7147,1.5089,1.8435,NOT_AVAILABLE,NOT_AVAILABLE,NOT_AVAILABLE,1.5089,TP_FIRST,E1R,True,False,TP_FIRST,1.5089,INACTIVE,
XRPUSDT,2026-06-28T14:15:00+00:00,2026-06-28T14:15:00+00:00,1.0535,2026-06-28T16:45:00+00:00,1.0447,TP,short,0.3417,0.9587,0.8353,1.1784,NOT_AVAILABLE,NOT_AVAILABLE,NOT_AVAILABLE,0.8353,TP_FIRST,E1R,True,False,TP_FIRST,0.8353,INACTIVE,
XRPUSDT,2026-06-28T23:30:00+00:00,2026-06-28T23:30:00+00:00,1.0493,2026-06-29T02:15:00+00:00,1.0327,TP,short,0.1811,1.744,1.582,1.6172,NOT_AVAILABLE,NOT_AVAILABLE,NOT_AVAILABLE,1.582,TP_FIRST,E1R,True,False,TP_FIRST,1.582,INACTIVE,
DOGEUSDT,2026-06-30T03:00:00+00:00,2026-06-30T03:00:00+00:00,0.07265,2026-06-30T05:45:00+00:00,0.07203,TP,short,0.1652,0.8534,0.8534,1.5278,NOT_AVAILABLE,NOT_AVAILABLE,NOT_AVAILABLE,0.8534,TP_FIRST,E1R,True,False,TP_FIRST,0.8534,INACTIVE,
XRPUSDT,2026-07-07T15:45:00+00:00,2026-07-07T15:45:00+00:00,1.1299,2026-07-07T22:15:00+00:00,1.1088,TP,short,0.4425,2.1949,1.8674,2.6807,NOT_AVAILABLE,NOT_AVAILABLE,NOT_AVAILABLE,1.8674,TP_FIRST,E1R,True,False,TP_FIRST,1.8674,INACTIVE,
DOGEUSDT,2026-07-07T16:15:00+00:00,2026-07-07T16:15:00+00:00,0.07537,2026-07-07T22:15:00+00:00,0.07371,TP,short,0.4246,2.4413,2.2025,3.1232,NOT_AVAILABLE,NOT_AVAILABLE,NOT_AVAILABLE,2.2025,TP_FIRST,E1R,True,False,TP_FIRST,2.2025,INACTIVE,
DOGEUSDT,2026-07-09T01:00:00+00:00,2026-07-09T01:00:00+00:00,0.07267,2026-07-09T02:15:00+00:00,0.07196,TP,short,0.2202,1.0183,0.977,1.417,NOT_AVAILABLE,NOT_AVAILABLE,NOT_AVAILABLE,0.977,TP_FIRST,E1R,True,False,TP_FIRST,0.977,INACTIVE,
XRPUSDT,2026-07-09T07:45:00+00:00,2026-07-09T07:45:00+00:00,1.0975,2026-07-10T02:00:00+00:00,1.1065587,SL,short,0.9932,1.0569,-0.8254,-1.0,NOT_AVAILABLE,NOT_AVAILABLE,NOT_AVAILABLE,-0.8254,MOVE_041_THEN_SL,E1R,True,False,MOVE_041_THEN_SL,-0.8254,INACTIVE,
ADAUSDT,2026-07-09T11:45:00+00:00,2026-07-09T11:45:00+00:00,0.1695,2026-07-09T16:30:00+00:00,0.1659,TP,short,0.295,2.5959,2.1239,4.5575,NOT_AVAILABLE,NOT_AVAILABLE,NOT_AVAILABLE,2.1239,TP_FIRST,E1R,True,False,TP_FIRST,2.1239,INACTIVE,
ADAUSDT,2026-07-10T10:15:00+00:00,2026-07-10T10:15:00+00:00,0.1695,2026-07-10T14:45:00+00:00,0.1656,TP,short,0.0,2.5959,2.3009,2.1765,NOT_AVAILABLE,NOT_AVAILABLE,NOT_AVAILABLE,2.3009,TP_FIRST,baseline_blocked,False,True,TP_FIRST,2.3009,ACTIVE,E1R_active_ignore
ADAUSDT,2026-07-12T21:00:00+00:00,2026-07-12T21:00:00+00:00,0.1643,2026-07-12T22:15:00+00:00,0.1621,TP,short,0.0609,1.8868,1.339,2.8223,NOT_AVAILABLE,NOT_AVAILABLE,NOT_AVAILABLE,1.339,TP_FIRST,E1R,True,False,TP_FIRST,1.339,INACTIVE,
DOGEUSDT,2026-07-13T05:30:00+00:00,2026-07-13T05:30:00+00:00,0.07234,2026-07-13T16:45:00+00:00,0.07156,TP,short,0.4424,1.2027,1.0782,1.6071,NOT_AVAILABLE,NOT_AVAILABLE,NOT_AVAILABLE,1.0782,TP_FIRST,E1R,True,False,TP_FIRST,1.0782,INACTIVE,
ADAUSDT,2026-07-13T06:15:00+00:00,2026-07-13T06:15:00+00:00,0.1601,2026-07-13T17:45:00+00:00,0.157,TP,short,0.3123,2.2486,1.9363,2.3446,NOT_AVAILABLE,NOT_AVAILABLE,NOT_AVAILABLE,1.9363,TP_FIRST,E1R,True,False,TP_FIRST,1.9363,INACTIVE,
XRPUSDT,2026-07-13T07:00:00+00:00,2026-07-13T07:00:00+00:00,1.0782,2026-07-13T12:45:00+00:00,1.0695,TP,short,0.3988,0.8069,0.8069,1.2765,NOT_AVAILABLE,NOT_AVAILABLE,NOT_AVAILABLE,0.8069,TP_FIRST,E1R,True,False,TP_FIRST,0.8069,INACTIVE,
ADAUSDT,2026-07-13T07:30:00+00:00,2026-07-13T07:30:00+00:00,0.1603,2026-07-13T17:45:00+00:00,0.157,TP,short,0.1871,2.3706,2.0586,3.7857,NOT_AVAILABLE,NOT_AVAILABLE,NOT_AVAILABLE,2.0586,TP_FIRST,E1R,True,False,TP_FIRST,2.0586,INACTIVE,
ADAUSDT,2026-07-13T14:30:00+00:00,2026-07-13T14:30:00+00:00,0.1597,2026-07-13T17:45:00+00:00,0.157,TP,short,0.2505,2.0038,1.6907,3.749,NOT_AVAILABLE,NOT_AVAILABLE,NOT_AVAILABLE,1.6907,TP_FIRST,E1R,True,False,TP_FIRST,1.6907,INACTIVE,
DOGEUSDT,2026-07-13T14:45:00+00:00,2026-07-13T14:45:00+00:00,0.07251,2026-07-13T16:45:00+00:00,0.07156,TP,short,0.069,1.4343,1.3102,1.8784,NOT_AVAILABLE,NOT_AVAILABLE,NOT_AVAILABLE,1.3102,TP_FIRST,E1R,True,False,TP_FIRST,1.3102,INACTIVE,
XRPUSDT,2026-07-13T15:15:00+00:00,2026-07-13T15:15:00+00:00,1.0775,2026-07-13T16:45:00+00:00,1.0666,TP,short,0.0557,1.0766,1.0116,1.3265,NOT_AVAILABLE,NOT_AVAILABLE,NOT_AVAILABLE,1.0116,TP_FIRST,E1R,True,False,TP_FIRST,1.0116,INACTIVE,
DOGEUSDT,2026-07-14T00:45:00+00:00,2026-07-14T00:45:00+00:00,0.07231,2026-07-14T12:45:00+00:00,0.07273017,SL,short,1.1063,1.2861,-0.5811,-1.0,NOT_AVAILABLE,NOT_AVAILABLE,NOT_AVAILABLE,-0.5811,MOVE_041_THEN_SL,E1R,True,False,MOVE_041_THEN_SL,-0.5811,INACTIVE,
ADAUSDT,2026-07-14T05:00:00+00:00,2026-07-14T05:00:00+00:00,0.1589,2026-07-14T12:45:00+00:00,0.1607208,SL,short,1.5733,0.5664,-1.1459,-1.0,NOT_AVAILABLE,NOT_AVAILABLE,NOT_AVAILABLE,-1.1459,MOVE_041_THEN_SL,E1R,True,False,MOVE_041_THEN_SL,-1.1459,INACTIVE,
XRPUSDT,2026-07-14T13:15:00+00:00,2026-07-14T13:15:00+00:00,1.1034,2026-07-14T15:45:00+00:00,1.1075607,SL,short,0.6797,0.7885,-0.3771,-1.0,NOT_AVAILABLE,NOT_AVAILABLE,NOT_AVAILABLE,-0.3771,MOVE_041_THEN_SL,baseline_blocked,False,True,MOVE_041_THEN_SL,-0.3771,ACTIVE,E1R_active_ignore
ADAUSDT,2026-07-14T13:15:00+00:00,2026-07-14T13:15:00+00:00,0.1639,2026-07-14T15:30:00+00:00,0.1650795,SL,short,1.5863,0.8542,-0.7196,-1.0,NOT_AVAILABLE,NOT_AVAILABLE,NOT_AVAILABLE,-0.7196,MOVE_041_THEN_SL,baseline_blocked,False,True,MOVE_041_THEN_SL,-0.7196,ACTIVE,E1R_active_ignore
DOGEUSDT,2026-07-14T14:30:00+00:00,2026-07-14T14:30:00+00:00,0.07404,2026-07-14T15:00:00+00:00,0.07457886,SL,short,0.8779,0.081,-0.7278,-1.0,NOT_AVAILABLE,NOT_AVAILABLE,NOT_AVAILABLE,-0.7278,SL_FIRST,baseline_blocked,False,True,SL_FIRST,-0.7278,ACTIVE,E1R_active_ignore
ADAUSDT,2026-07-14T15:15:00+00:00,2026-07-14T15:15:00+00:00,0.1664,2026-07-14T15:45:00+00:00,0.1672839,SL,short,1.0817,0.1803,-0.5312,-1.0,NOT_AVAILABLE,NOT_AVAILABLE,NOT_AVAILABLE,-0.5312,SL_FIRST,baseline_blocked,False,True,SL_FIRST,-0.5312,ACTIVE,E1R_active_ignore
XRPUSDT,2026-07-16T21:30:00+00:00,2026-07-16T21:30:00+00:00,1.0973,2026-07-16T23:30:00+00:00,1.0852,TP,short,0.0911,1.1665,1.1027,2.7197,NOT_AVAILABLE,NOT_AVAILABLE,NOT_AVAILABLE,1.1027,TP_FIRST,E1R,True,False,TP_FIRST,1.1027,INACTIVE,
XRPUSDT,2026-07-17T17:00:00+00:00,2026-07-17T17:00:00+00:00,1.0912,2026-07-19T02:15:00+00:00,1.0982421,SL,short,0.724,0.7973,-0.6454,-1.0,NOT_AVAILABLE,NOT_AVAILABLE,NOT_AVAILABLE,-0.6454,MOVE_041_THEN_SL,E1R,True,False,MOVE_041_THEN_SL,-0.6454,INACTIVE,
DOGEUSDT,2026-07-17T21:00:00+00:00,2026-07-17T21:00:00+00:00,0.07276,2026-07-19T21:15:00+00:00,0.07226,none,short,0.11,1.5668,,,NOT_AVAILABLE,NOT_AVAILABLE,NOT_AVAILABLE,,OTHER,E1R,True,False,OTHER,,INACTIVE,
XRPUSDT,2026-07-18T17:45:00+00:00,2026-07-18T17:45:00+00:00,1.0929,2026-07-19T02:15:00+00:00,1.098192,SL,short,0.5673,0.3202,-0.4842,-1.0,NOT_AVAILABLE,NOT_AVAILABLE,NOT_AVAILABLE,-0.4842,SL_FIRST,baseline_blocked,False,True,SL_FIRST,-0.4842,ACTIVE,E1R_active_ignore
DOGEUSDT,2026-07-18T18:15:00+00:00,2026-07-18T18:15:00+00:00,0.07241,2026-07-19T02:15:00+00:00,0.07275522,SL,short,0.5248,0.2486,-0.4768,-1.0,NOT_AVAILABLE,NOT_AVAILABLE,NOT_AVAILABLE,-0.4768,SL_FIRST,E1R,True,False,SL_FIRST,-0.4768,INACTIVE,
DOGEUSDT,2026-07-20T00:00:00+00:00,2026-07-20T00:00:00+00:00,0.07286,2026-07-20T05:15:00+00:00,0.07185,TP,short,0.3843,2.0999,1.3862,3.1956,NOT_AVAILABLE,NOT_AVAILABLE,NOT_AVAILABLE,1.3862,TP_FIRST,E1R,True,False,TP_FIRST,1.3862,INACTIVE,
DOGEUSDT,2026-07-27T17:00:00+00:00,2026-07-27T17:00:00+00:00,0.07214,2026-07-28T01:15:00+00:00,0.06929,TP,short,0.2079,3.9784,3.9507,7.923,NOT_AVAILABLE,NOT_AVAILABLE,NOT_AVAILABLE,3.9507,TP_FIRST,E1R,True,False,TP_FIRST,3.9507,INACTIVE,
ADAUSDT,2026-07-28T16:45:00+00:00,2026-07-28T16:45:00+00:00,0.1591,2026-07-28T21:45:00+00:00,0.1606206,SL,short,1.0057,0.6285,-0.9558,-1.0,NOT_AVAILABLE,NOT_AVAILABLE,NOT_AVAILABLE,-0.9558,MOVE_041_THEN_SL,E1R,True,False,MOVE_041_THEN_SL,-0.9558,INACTIVE,
DOGEUSDT,2026-07-29T00:00:00+00:00,2026-07-29T00:00:00+00:00,0.07093,2026-07-29T04:15:00+00:00,0.06999,TP,short,0.2538,1.4662,1.3253,2.1992,NOT_AVAILABLE,NOT_AVAILABLE,NOT_AVAILABLE,1.3253,TP_FIRST,E1R,True,False,TP_FIRST,1.3253,INACTIVE,
DOGEUSDT,2026-07-29T09:30:00+00:00,2026-07-29T09:30:00+00:00,0.07086,2026-07-29T15:30:00+00:00,0.06999,TP,short,0.0847,1.2701,1.2278,2.4023,NOT_AVAILABLE,NOT_AVAILABLE,NOT_AVAILABLE,1.2278,TP_FIRST,E1R,True,False,TP_FIRST,1.2278,INACTIVE,
DOGEUSDT,2026-07-29T18:00:00+00:00,2026-07-29T18:00:00+00:00,0.07075,2026-07-29T19:45:00+00:00,0.06999,TP,short,0.3534,1.0742,1.0742,1.221,NOT_AVAILABLE,NOT_AVAILABLE,NOT_AVAILABLE,1.0742,TP_FIRST,E1R,True,False,TP_FIRST,1.0742,INACTIVE,
DOGEUSDT,2026-07-30T19:15:00+00:00,2026-07-30T19:15:00+00:00,0.07091,2026-07-31T02:45:00+00:00,0.06988,TP,short,0.0987,1.509,1.4525,2.8045,NOT_AVAILABLE,NOT_AVAILABLE,NOT_AVAILABLE,1.4525,TP_FIRST,E1R,True,False,TP_FIRST,1.4525,INACTIVE,
DOGEUSDT,2026-07-31T01:00:00+00:00,2026-07-31T01:00:00+00:00,0.07084,2026-07-31T02:45:00+00:00,0.06988,TP,short,0.0141,1.4116,1.3552,2.2736,NOT_AVAILABLE,NOT_AVAILABLE,NOT_AVAILABLE,1.3552,TP_FIRST,E1R,True,False,TP_FIRST,1.3552,INACTIVE,
DOGEUSDT,2026-07-31T05:00:00+00:00,2026-07-31T05:00:00+00:00,0.07008,2026-07-31T14:15:00+00:00,0.06879,TP,short,0.2711,2.3545,1.8408,3.6278,NOT_AVAILABLE,NOT_AVAILABLE,NOT_AVAILABLE,1.8408,TP_FIRST,E1R,True,False,TP_FIRST,1.8408,INACTIVE,
