symbol,entry_open,decision_time,entry,baseline_outcome,pnl_pct,state,CAUSAL_PASS
XRPUSDT,2026-06-11T19:15:00+00:00,2026-06-11T19:30:00+00:00,1.1414,SL,-1.0471,ACTIVE,True
XRPUSDT,2026-06-14T21:45:00+00:00,2026-06-14T22:00:00+00:00,1.1675,SL,-1.5946,ACTIVE,True
XRPUSDT,2026-06-14T22:30:00+00:00,2026-06-14T22:45:00+00:00,1.1744,SL,-0.7333,ACTIVE,True
XRPUSDT,2026-06-14T23:30:00+00:00,2026-06-14T23:45:00+00:00,1.1793,SL,-0.5951,ACTIVE,True
XRPUSDT,2026-06-20T05:00:00+00:00,2026-06-20T05:15:00+00:00,1.1522,TP,1.4234,ACTIVE,True
XRPUSDT,2026-06-20T15:15:00+00:00,2026-06-20T15:30:00+00:00,1.1496,TP,1.0177,ACTIVE,True
XRPUSDT,2026-06-20T22:30:00+00:00,2026-06-20T22:45:00+00:00,1.1533,TP,1.2312,ACTIVE,True
XRPUSDT,2026-06-21T04:30:00+00:00,2026-06-21T04:45:00+00:00,1.1496,TP,0.9134,ACTIVE,True
XRPUSDT,2026-07-14T13:15:00+00:00,2026-07-14T13:30:00+00:00,1.1034,SL,-0.3771,ACTIVE,True
XRPUSDT,2026-07-18T17:45:00+00:00,2026-07-18T18:00:00+00:00,1.0929,SL,-0.4842,ACTIVE,True
ADAUSDT,2026-06-08T11:15:00+00:00,2026-06-08T11:30:00+00:00,0.1671,SL,-1.5792,ACTIVE,True
ADAUSDT,2026-06-14T21:15:00+00:00,2026-06-14T21:30:00+00:00,0.1712,SL,-0.5512,ACTIVE,True
ADAUSDT,2026-06-14T21:30:00+00:00,2026-06-14T21:45:00+00:00,0.1738,SL,-0.9495,ACTIVE,True
ADAUSDT,2026-06-26T20:00:00+00:00,2026-06-26T20:15:00+00:00,0.1481,TP,1.2154,ACTIVE,True
ADAUSDT,2026-07-10T10:15:00+00:00,2026-07-10T10:30:00+00:00,0.1695,TP,2.3009,ACTIVE,True
ADAUSDT,2026-07-14T13:15:00+00:00,2026-07-14T13:30:00+00:00,0.1639,SL,-0.7196,ACTIVE,True
ADAUSDT,2026-07-14T15:15:00+00:00,2026-07-14T15:30:00+00:00,0.1664,SL,-0.5312,ACTIVE,True
DOGEUSDT,2026-06-07T02:45:00+00:00,2026-06-07T03:00:00+00:00,0.0834,SL,-0.7046,ACTIVE,True
DOGEUSDT,2026-06-07T08:15:00+00:00,2026-06-07T08:30:00+00:00,0.08476,SL,-1.0807,ACTIVE,True
DOGEUSDT,2026-06-14T21:30:00+00:00,2026-06-14T21:45:00+00:00,0.08855,SL,-0.6809,ACTIVE,True
DOGEUSDT,2026-06-17T18:30:00+00:00,2026-06-17T18:45:00+00:00,0.0877,TP,2.3831,ACTIVE,True
DOGEUSDT,2026-06-22T11:30:00+00:00,2026-06-22T11:45:00+00:00,0.08419,SL,-0.9736,ACTIVE,True
DOGEUSDT,2026-07-14T14:30:00+00:00,2026-07-14T14:45:00+00:00,0.07404,SL,-0.7278,ACTIVE,True
