first_hit,same_bar_ambiguous,first_outcome_bar_index,entry_bar_leakage,exit_time,exit_price,pnl_pct,final_outcome,symbol,entry_open,ref_first_hit,ref_pnl
TP,False,10931,False,2026-06-03T21:00:00+00:00,1.1934,4.121475,TP_FIRST,XRPUSDT,2026-06-03T07:15:00+00:00,TP,4.1215
SL,False,11772,False,2026-06-12T15:15:00+00:00,1.1533521,-1.047144,MOVE_041_THEN_SL,XRPUSDT,2026-06-11T19:15:00+00:00,SL,-1.0471
SL,False,11999,False,2026-06-15T00:00:00+00:00,1.1861175,-1.594647,MOVE_041_THEN_SL,XRPUSDT,2026-06-14T21:45:00+00:00,SL,-1.5946
SL,False,11999,False,2026-06-15T00:00:00+00:00,1.1830113,-0.733251,MOVE_041_THEN_SL,XRPUSDT,2026-06-14T22:30:00+00:00,SL,-0.7333
SL,False,11999,False,2026-06-15T00:00:00+00:00,1.1863179,-0.59509,SL_FIRST,XRPUSDT,2026-06-14T23:30:00+00:00,SL,-0.5951
TP,False,12402,False,2026-06-19T04:45:00+00:00,1.1308,4.862864,TP_FIRST,XRPUSDT,2026-06-18T00:30:00+00:00,TP,4.8629
TP,False,12401,False,2026-06-19T04:30:00+00:00,1.1322,1.599166,TP_FIRST,XRPUSDT,2026-06-19T01:45:00+00:00,TP,1.5992
TP,False,12536,False,2026-06-20T14:15:00+00:00,1.1358,1.423364,TP_FIRST,XRPUSDT,2026-06-20T05:00:00+00:00,TP,1.4234
TP,False,12659,False,2026-06-21T21:00:00+00:00,1.1379,1.017745,TP_FIRST,XRPUSDT,2026-06-20T15:15:00+00:00,TP,1.0177
TP,False,12625,False,2026-06-21T12:30:00+00:00,1.1391,1.231249,TP_FIRST,XRPUSDT,2026-06-20T22:30:00+00:00,TP,1.2312
TP,False,12625,False,2026-06-21T12:30:00+00:00,1.1391,0.913361,TP_FIRST,XRPUSDT,2026-06-21T04:30:00+00:00,TP,0.9134
TP,False,12801,False,2026-06-23T08:30:00+00:00,1.1055,0.887574,TP_FIRST,XRPUSDT,2026-06-23T07:15:00+00:00,TP,0.8876
TP,False,12881,False,2026-06-24T04:30:00+00:00,1.0956,1.243916,TP_FIRST,XRPUSDT,2026-06-23T23:45:00+00:00,TP,1.2439
TP,False,12881,False,2026-06-24T04:30:00+00:00,1.0956,1.217203,TP_FIRST,XRPUSDT,2026-06-24T01:30:00+00:00,TP,1.2172
TP,False,13065,False,2026-06-26T02:30:00+00:00,1.0111,3.067779,TP_FIRST,XRPUSDT,2026-06-25T17:15:00+00:00,TP,3.0678
TP,False,13314,False,2026-06-28T16:45:00+00:00,1.0447,0.835311,TP_FIRST,XRPUSDT,2026-06-28T14:15:00+00:00,TP,0.8353
TP,False,13352,False,2026-06-29T02:15:00+00:00,1.0327,1.582007,TP_FIRST,XRPUSDT,2026-06-28T23:30:00+00:00,TP,1.582
TP,False,14200,False,2026-07-07T22:15:00+00:00,1.1088,1.867422,TP_FIRST,XRPUSDT,2026-07-07T15:45:00+00:00,TP,1.8674
SL,False,14407,False,2026-07-10T02:00:00+00:00,1.1065587,-0.825394,MOVE_041_THEN_SL,XRPUSDT,2026-07-09T07:45:00+00:00,SL,-0.8254
TP,False,14738,False,2026-07-13T12:45:00+00:00,1.0695,0.8069,TP_FIRST,XRPUSDT,2026-07-13T07:00:00+00:00,TP,0.8069
TP,False,14754,False,2026-07-13T16:45:00+00:00,1.0666,1.011601,TP_FIRST,XRPUSDT,2026-07-13T15:15:00+00:00,TP,1.0116
SL,False,14846,False,2026-07-14T15:45:00+00:00,1.1075607,-0.37708,MOVE_041_THEN_SL,XRPUSDT,2026-07-14T13:15:00+00:00,SL,-0.3771
TP,False,15069,False,2026-07-16T23:30:00+00:00,1.0852,1.102707,TP_FIRST,XRPUSDT,2026-07-16T21:30:00+00:00,TP,1.1027
SL,False,15272,False,2026-07-19T02:15:00+00:00,1.0982421,-0.645354,MOVE_041_THEN_SL,XRPUSDT,2026-07-17T17:00:00+00:00,SL,-0.6454
SL,False,15272,False,2026-07-19T02:15:00+00:00,1.098192,-0.484216,SL_FIRST,XRPUSDT,2026-07-18T17:45:00+00:00,SL,-0.4842
TP,False,10760,False,2026-06-02T02:15:00+00:00,0.2252,2.637268,TP_FIRST,ADAUSDT,2026-06-01T19:15:00+00:00,TP,2.6373
SL,False,11388,False,2026-06-08T15:15:00+00:00,0.1697388,-1.579174,MOVE_041_THEN_SL,ADAUSDT,2026-06-08T11:15:00+00:00,SL,-1.5792
SL,False,11990,False,2026-06-14T21:45:00+00:00,0.1721436,-0.551168,SL_FIRST,ADAUSDT,2026-06-14T21:15:00+00:00,SL,-0.5512
SL,False,11991,False,2026-06-14T22:00:00+00:00,0.1754502,-0.949482,SL_FIRST,ADAUSDT,2026-06-14T21:30:00+00:00,SL,-0.9495
TP,False,12550,False,2026-06-20T17:45:00+00:00,0.1602,1.53657,TP_FIRST,ADAUSDT,2026-06-20T15:15:00+00:00,TP,1.5366
TP,False,12881,False,2026-06-24T04:30:00+00:00,0.1506,2.016916,TP_FIRST,ADAUSDT,2026-06-24T01:30:00+00:00,TP,2.0169
TP,False,13144,False,2026-06-26T22:15:00+00:00,0.1463,1.215395,TP_FIRST,ADAUSDT,2026-06-26T20:00:00+00:00,TP,1.2154
TP,False,13313,False,2026-06-28T16:30:00+00:00,0.1436,1.508916,TP_FIRST,ADAUSDT,2026-06-28T09:00:00+00:00,TP,1.5089
TP,False,14369,False,2026-07-09T16:30:00+00:00,0.1659,2.123894,TP_FIRST,ADAUSDT,2026-07-09T11:45:00+00:00,TP,2.1239
TP,False,14458,False,2026-07-10T14:45:00+00:00,0.1656,2.300885,TP_FIRST,ADAUSDT,2026-07-10T10:15:00+00:00,TP,2.3009
TP,False,14680,False,2026-07-12T22:15:00+00:00,0.1621,1.339014,TP_FIRST,ADAUSDT,2026-07-12T21:00:00+00:00,TP,1.339
TP,False,14758,False,2026-07-13T17:45:00+00:00,0.157,1.93629,TP_FIRST,ADAUSDT,2026-07-13T06:15:00+00:00,TP,1.9363
TP,False,14758,False,2026-07-13T17:45:00+00:00,0.157,2.05864,TP_FIRST,ADAUSDT,2026-07-13T07:30:00+00:00,TP,2.0586
TP,False,14758,False,2026-07-13T17:45:00+00:00,0.157,1.69067,TP_FIRST,ADAUSDT,2026-07-13T14:30:00+00:00,TP,1.6907
SL,False,14834,False,2026-07-14T12:45:00+00:00,0.1607208,-1.145878,MOVE_041_THEN_SL,ADAUSDT,2026-07-14T05:00:00+00:00,SL,-1.1459
SL,False,14845,False,2026-07-14T15:30:00+00:00,0.1650795,-0.719646,MOVE_041_THEN_SL,ADAUSDT,2026-07-14T13:15:00+00:00,SL,-0.7196
SL,False,14846,False,2026-07-14T15:45:00+00:00,0.1672839,-0.53119,SL_FIRST,ADAUSDT,2026-07-14T15:15:00+00:00,SL,-0.5312
SL,False,16214,False,2026-07-28T21:45:00+00:00,0.1606206,-0.955751,MOVE_041_THEN_SL,ADAUSDT,2026-07-28T16:45:00+00:00,SL,-0.9558
TP,False,10913,False,2026-06-03T16:30:00+00:00,0.09168,2.881356,TP_FIRST,DOGEUSDT,2026-06-03T11:00:00+00:00,TP,2.8814
TP,False,10941,False,2026-06-03T23:30:00+00:00,0.09112,1.926596,TP_FIRST,DOGEUSDT,2026-06-03T21:45:00+00:00,TP,1.9266
SL,False,11252,False,2026-06-07T05:15:00+00:00,0.08413794,-0.691647,MOVE_041_THEN_SL,DOGEUSDT,2026-06-07T01:15:00+00:00,SL,-0.6916
SL,False,11252,False,2026-06-07T05:15:00+00:00,0.08398764,-0.704604,MOVE_041_THEN_SL,DOGEUSDT,2026-06-07T02:45:00+00:00,SL,-0.7046
SL,False,11268,False,2026-06-07T09:15:00+00:00,0.08567601,-1.08071,SL_FIRST,DOGEUSDT,2026-06-07T08:15:00+00:00,SL,-1.0807
SL,False,12009,False,2026-06-15T02:30:00+00:00,0.08915295,-0.680915,MOVE_041_THEN_SL,DOGEUSDT,2026-06-14T21:30:00+00:00,SL,-0.6809
TP,False,12269,False,2026-06-17T19:30:00+00:00,0.08561,2.383124,TP_FIRST,DOGEUSDT,2026-06-17T18:30:00+00:00,TP,2.3831
TP,False,12334,False,2026-06-18T11:45:00+00:00,0.08433,0.904818,TP_FIRST,DOGEUSDT,2026-06-18T08:30:00+00:00,TP,0.9048
TP,False,12343,False,2026-06-18T14:00:00+00:00,0.08357,1.380694,TP_FIRST,DOGEUSDT,2026-06-18T13:15:00+00:00,TP,1.3807
SL,False,12728,False,2026-06-22T14:15:00+00:00,0.08500968,-0.973607,SL_FIRST,DOGEUSDT,2026-06-22T11:30:00+00:00,SL,-0.9736
TP,False,13268,False,2026-06-28T05:15:00+00:00,0.0738,1.429144,TP_FIRST,DOGEUSDT,2026-06-27T21:00:00+00:00,TP,1.4291
TP,False,13462,False,2026-06-30T05:45:00+00:00,0.07203,0.853407,TP_FIRST,DOGEUSDT,2026-06-30T03:00:00+00:00,TP,0.8534
TP,False,14200,False,2026-07-07T22:15:00+00:00,0.07371,2.202468,TP_FIRST,DOGEUSDT,2026-07-07T16:15:00+00:00,TP,2.2025
TP,False,14312,False,2026-07-09T02:15:00+00:00,0.07196,0.977019,TP_FIRST,DOGEUSDT,2026-07-09T01:00:00+00:00,TP,0.977
TP,False,14754,False,2026-07-13T16:45:00+00:00,0.07156,1.078242,TP_FIRST,DOGEUSDT,2026-07-13T05:30:00+00:00,TP,1.0782
TP,False,14754,False,2026-07-13T16:45:00+00:00,0.07156,1.310164,TP_FIRST,DOGEUSDT,2026-07-13T14:45:00+00:00,TP,1.3102
SL,False,14834,False,2026-07-14T12:45:00+00:00,0.07273017,-0.581068,MOVE_041_THEN_SL,DOGEUSDT,2026-07-14T00:45:00+00:00,SL,-0.5811
SL,False,14843,False,2026-07-14T15:00:00+00:00,0.07457886,-0.727796,SL_FIRST,DOGEUSDT,2026-07-14T14:30:00+00:00,SL,-0.7278
none,False,,False,,,,OTHER,DOGEUSDT,2026-07-17T21:00:00+00:00,none,
SL,False,15272,False,2026-07-19T02:15:00+00:00,0.07275522,-0.476757,SL_FIRST,DOGEUSDT,2026-07-18T18:15:00+00:00,SL,-0.4768
TP,False,15380,False,2026-07-20T05:15:00+00:00,0.07185,1.38622,TP_FIRST,DOGEUSDT,2026-07-20T00:00:00+00:00,TP,1.3862
TP,False,16132,False,2026-07-28T01:15:00+00:00,0.06929,3.950652,TP_FIRST,DOGEUSDT,2026-07-27T17:00:00+00:00,TP,3.9507
TP,False,16240,False,2026-07-29T04:15:00+00:00,0.06999,1.32525,TP_FIRST,DOGEUSDT,2026-07-29T00:00:00+00:00,TP,1.3253
TP,False,16285,False,2026-07-29T15:30:00+00:00,0.06999,1.227773,TP_FIRST,DOGEUSDT,2026-07-29T09:30:00+00:00,TP,1.2278
TP,False,16302,False,2026-07-29T19:45:00+00:00,0.06999,1.074205,TP_FIRST,DOGEUSDT,2026-07-29T18:00:00+00:00,TP,1.0742
TP,False,16426,False,2026-07-31T02:45:00+00:00,0.06988,1.452545,TP_FIRST,DOGEUSDT,2026-07-30T19:15:00+00:00,TP,1.4525
TP,False,16426,False,2026-07-31T02:45:00+00:00,0.06988,1.355167,TP_FIRST,DOGEUSDT,2026-07-31T01:00:00+00:00,TP,1.3552
TP,False,16472,False,2026-07-31T14:15:00+00:00,0.06879,1.840753,TP_FIRST,DOGEUSDT,2026-07-31T05:00:00+00:00,TP,1.8408
